Continent,Country,1950,1951,1952,1953,1954,1955,1956,1957,1958,1959,1960,1961,1962,1963,1964,1965,1966,1967,1968,1969,1970,1971,1972,1973,1974,1975,1976,1977,1978,1979,1980,1981,1982,1983,1984,1985,1986,1987,1988,1989,1990,1991,1992,1993,1994,1995,1996,1997,1998,1999,2000,2001,2002,2003,2004,2005,2006,2007,2008
Asia,China,550771433,566170868,578489714,589018891,598746873,608359685,618226224,628412938,638727882,648794141,658270094,667084365,675641408,684909607,696171650,710290299,727601056,747678772,769666505,792308749,814622841,836431505,857804035,878305091,897479153,915040954,930744699,944726607,957584105,970179212,983170638,996667562,1010574797,1025090475,1040397958,1056579219,1073792041,1091904967,1110339206,1128297564,1145195229,1160799514,1175230312,1188687527,1201522570,1213986610,1226134423,1237849861,1249020152,1259476966,1269116737,1277903627,1285933789,1293396654,1300552134,1307593489,1314581402,1321481935,1328275524
Asia,India,371856500,378201181,384822769,391724533,398908212,406374020,414120476,422144572,430442283,439009418,447844159,456949783,466337036,476025147,486038945,496400381,507115411,518192403,529658233,541544619,553873890,566651479,579871075,593526633,607606569,622096682,636992593,652279308,667917437,683857312,700058589,716493309,733151769,750033539,767146806,784490842,802051806,819800055,837699675,855707358,873785449,891910180,910064576,928226051,946373316,964486155,982553253,1000558144,1018471141,1036258683,1053898107,1071374264,1088694080,1105885689,1122991192,1140042863,1157038539,1173971629,1190863679
North America,United States,157813040,160024871,162530196,165260027,168152385,171152291,174211875,177290268,180353310,183373044,186326215,189192675,191953977,194592775,197094531,199452508,201657141,203717833,205672498,207573866,209463865,211355529,213250350,215164616,217113584,219108358,221161377,223274855,225436004,227624232,229825004,232035086,234261242,236510688,238794274,241119752,243495805,245920994,248381577,250857751,253339097,255807342,258275919,260803255,263468980,266323717,269393632,272643340,275986072,279300030,282496310,285544778,288467308,291290823,294063120,296820296,299564470,302284564,304989064
Asia,USSR,179570837,182677438,185855870,188960538,192171246,195612673,199102595,202604165,206200603,209927781,213779936,217618270,221227180,224585401,227697970,230512995,233139090,235629795,237983436,240252698,242478113,244886536,247343292,249712380,252110639,254518689,256882729,259225085,261524905,263750613,265935636,268142258,270418758,272856014,275379897,277873515,280369405,282805060,285120160,286578215,288544755,290113614,291118372,291429616,291345858,291150213,290875610,290527071,290173084,289692659,289112747,288520632,287977722,287600977,287360520,287263911,287266522,287330757,287447373
Asia,Indonesia,74837310,75978352,77258010,78674341,80223922,81901847,83701632,85615311,87633748,89747149,91946612,94225771,96582241,99018230,101538797,104146696,106839814,109612753,112461009,115379062,118361740,121405753,124507744,127662293,130863441,134105926,137382075,140688052,144026720,147403681,150820044,154275429,157758440,161245684,164706919,168119209,171472345,174767379,178006800,181197879,184345939,187451800,190512441,193525648,196488446,199400339,202257039,205063468,207839287,210610776,213395411,216203499,219026365,221839235,224606531,227303175,229918547,232461746,234951154
South America,Brazil,53974725,55669001,57422674,59215974,61036582,62879616,64748101,66652501,68609363,70639029,72758801,74975656,77279855,79642214,82021855,84388983,86735163,89068235,91394916,93727990,96078304,98445131,100828667,103242395,105703409,108224080,110804816,113442106,116138507,118895875,121711864,124588432,127514673,130459023,133380123,136246764,139049440,141791325,144470377,147088677,149650206,152146887,154582103,156985824,159398558,161848162,164342524,166869168,169409713,171936271,174425387,176877135,179289227,181633074,183873377,185986964,187958211,189798070,191543237
Asia,Pakistan,37542380,38147097,38809200,39525185,40292359,41108839,41973583,42886361,43847662,44858549,45920204,47033454,48198347,49413973,50678979,51993059,53359180,54780499,56257610,57790852,59382651,61033754,62751275,64551904,66456937,68482526,70632133,72904319,75303460,77832927,80492664,83280137,86187238,89200001,92300277,95470380,98710951,102011892,105332464,108621443,111844679,114970102,118010303,121029915,124121817,127346713,130737306,134255952,137808222,141261069,144522192,147557907,150407242,153139895,155860066,158645463,161513324,164445596,167442258
Africa,Nigeria,37859746,38508635,39203265,39936661,40703560,41500415,42325458,43178636,44061400,44976361,45926253,46912826,47935878,48992838,50079946,51195706,52341981,53524049,54748444,56023503,57357275,58745411,60191508,61720304,63363756,65141058,67067499,69127157,71269619,73424869,75543388,77604166,79623647,81635550,83691577,85828707,88057486,90363921,92731304,95133496,97552057,99986136,102444773,104931559,107452627,110014688,112618306,115268715,117983368,120784408,123688536,126704722,129832447,133067097,136399438,139823340,143338939,146951477,150665730
Asia,Bangladesh,37894678,39112507,40207573,41257838,42322978,43444382,44644395,45927072,47280463,48680410,50101943,51531438,52977254,54474293,56071080,57791778,59681186,61702785,63703327,65474474,66881158,67849312,68461849,68933357,69567500,70582168,72053923,73915723,76066342,78342736,80624423,82883616,85156396,87459802,89828434,92283598,94825499,97429290,100062322,102681627,105256026,107768749,110225555,112645460,115059015,117486952,119928682,122370403,124803351,127214841,129592275,131944584,134266428,136514768,138633401,140587922,142353501,143956805,145478300
Asia,Japan,82199470,83794117,85174302,86377203,87437837,88389061,89261611,90084066,90882709,91681328,92500572,93357272,94263847,95228052,96253698,97342773,98495891,99712724,100990902,102326089,103710287,105145914,106619818,108089192,109498615,110808090,111996339,113071149,114057650,114996088,115914688,116823958,117711145,118554190,119320901,119990547,120553260,121023579,121434677,121832924,122251184,122703017,123177552,123653405,124097649,124486744,124814986,125091571,125325617,125531619,125720310,125893623,126048366,126184149,126299414,126392944,126464789,126515486,126544640
North America,Mexico,27865814,28614984,29465877,30402868,31412046,32481214,33599909,34759382,35952533,37173800,38418829,39684127,40966751,42264182,43574687,44898430,46229966,47572205,48943844,50370262,51868335,53441943,55081201,56771626,58492118,60224601,61969362,63723359,65461471,67152555,68776411,70318386,71788766,73223336,74673296,76175154,77741110,79358780,81010093,82666457,84306602,85923799,87523328,89109703,90691331,92272749,93858373,95441345,97001933,98513690,99959594,101329543,102634153,103902569,105175967,106483757,107835259,109220753,110627158
Asia,Philippines,18396520,19056037,19748049,20465543,21203425,21958518,22729664,23517620,24324766,25154610,26010295,26893021,27800656,28727140,29664173,30606162,31551090,32501839,33463836,34444983,35451392,36485095,37545635,38633697,39749340,40892836,42064468,43265378,44497521,45763245,47063923,48399114,49767259,51166963,52596291,54052849,55537110,57046529,58572071,60102139,61628668,63146876,64659225,66173874,67703053,69255386,70831419,72427130,74040838,75669587,77309965,78964389,80630416,82293990,83936698,85546427,87116275,88652631,90173139
Asia,Vietnam,28264391,28818993,29403860,30017460,30659157,31329210,32028847,32760191,33526032,34329446,35172657,36055820,36975957,37926503,38898597,39884879,40880598,41883842,42893258,43908540,44927973,45957991,46994771,48015047,48987973,49895731,50724015,51490844,52250324,53076862,54023152,55109176,56317461,57616926,58959045,60307305,61647642,62986915,64333357,65702500,67101583,68535628,69987617,71416812,72769366,74008073,75117209,76111109,77020331,77890899,78758010,79629676,80500625,81377056,82262996,83161145,84075580,85007447,85951912
Europe,Germany,68376002,68713920,69086530,69483349,69897556,70325997,70769436,71232304,71721922,72247225,72814899,73425276,74068738,74724168,75363329,75963700,76518660,77026811,77477619,77860668,78169287,78398250,78549958,78635758,78672415,78673559,78648816,78600404,78526576,78422458,78288577,78124452,77944929,77784306,77686865,77684875,77783439,77974722,78260173,78637382,79098094,79651903,80282985,80926118,81495194,81929441,82200333,82326019,82350467,82341545,82349027,82384256,82432026,82484111,82524343,82540739,82536138,82516297,82475271
Africa,Ethiopia,18433866,18788330,19150885,19522300,19903919,20297664,20706078,21132283,21579828,22052451,22553350,23084406,23645508,24234254,24846785,25480202,26128435,26790992,27476546,28197484,28959382,29777985,30642920,31503206,32289683,32958964,33486288,33903618,34294030,34773640,35426282,36282554,37319328,38500829,39768079,41077517,42417873,43802479,45240322,46747612,48333261,49998845,51730288,53502211,55281054,57042197,58774378,60481739,62174171,63868806,65577897,67303731,69040669,70784012,72526620,74263861,75993403,77718436,79446419
Africa,Egypt,21514023,22048587,22607727,23191489,23799589,24431420,25086028,25762133,26458178,27172404,27903093,28648825,29408697,30182426,30970067,31771227,32586961,33415926,34252634,35089893,35923283,36751162,37577248,38409289,39258086,40132189,41033408,41961731,42921556,43917526,44952497,46025305,47133557,48276547,49453054,50659625,51899728,53166492,54433720,55667119,56843275,57952386,59004372,60020423,61032081,62063810,63120498,64199588,65309201,66457136,67648419,68888032,70174632,71498433,72844998,74203215,75568453,76941572,78323298
Asia,Iran,17414215,17772538,18153564,18557412,18984036,19433222,19904579,20397551,20911449,21445515,21999103,22571865,23163924,23775945,24408927,25063612,25743217,26448218,27173692,27912687,28662011,29421198,30197689,31006191,31866190,32793173,33788867,34853522,35998637,37237306,38576541,40012129,41533339,43130529,44790735,46497235,48257311,50052662,51810746,53437770,54870583,56071545,57067645,57940444,58808655,59757114,60815686,61955730,63133032,64278307,65342319,66313553,67212850,68061695,68893323,69732007,70582086,71435498,72289291
Asia,Turkey,21238496,21863880,22519048,23195322,23885803,24585366,25290730,26000394,26714409,27434022,28160579,28894367,29633591,30373939,31109820,31837999,32556294,33267998,33982141,34711167,35464196,36245756,37054168,37884870,38730367,39585821,40446729,41316297,42206204,43132612,44105216,45130008,46198027,47285732,48360679,49399630,50393538,51349154,52278499,53200802,54130268,55068880,56012109,56959988,57911273,58864649,59821978,60783217,61742674,62692616,63627862,64544914,65446165,66339433,67235927,68143186,69063538,69992754,70923730
Asia,Thailand,20607323,21150234,21718195,22312977,22936039,23588546,24271352,24985010,25729780,26505650,27312399,28149653,29016942,29913729,30839333,31792743,32771644,33774026,34799247,35846930,36915397,38004462,39109571,40219377,41319380,42398941,43453204,44483729,45494423,46492281,47482643,48460289,49422519,50379788,51346204,52328663,53339762,54368583,55370526,56284973,57072058,57711519,58225969,58671177,59126690,59650157,60258113,60933752,61660383,62408639,63155029,63898879,64642931,65370277,66060383,66698483,67276383,67796451,68267982
Africa,"Congo, Dem. Rep.",12183661,12441551,12706358,12982427,13273008,13580254,13905162,14247631,14606625,14980445,15367539,15767376,16181202,16612368,17065408,17543319,18048341,18579012,19130171,19694467,20267009,20845085,21431338,22032669,22658905,23316776,24011465,24740389,25493382,26255837,27018690,27781042,28551259,29341286,30167580,31044153,31963766,32927332,33965482,35117790,36406226,37856212,39443819,41081774,42650247,44067369,45295039,46369335,47373590,48429878,49626200,50989424,52491329,54098245,55754885,57420522,59088415,60772175,62474901
Europe,France,41831805,42037803,42328940,42672812,43045963,43433879,43831475,44242612,44678632,45155921,45688594,46280695,46919371,47571948,48194218,48754817,49238715,49655097,50026522,50387730,50763212,51161640,51572812,51980081,52358648,52691826,52974009,53214788,53431051,53646954,53880143,54135673,54408866,54695692,54988578,55281465,55575215,55870924,56162822,56443567,56708260,56956057,57189616,57412239,57628904,57844501,58057570,58270419,58496138,58751572,59047795,59390720,59774531,60183884,60596691,60996506,61378065,61744596,62098413
Europe,United Kingdom,50616012,50631571,50706811,50829901,50991454,51184529,51404774,51650279,51921175,52218942,52544356,52895303,53264855,53640457,54006245,54349899,54666008,54954044,55212835,55443064,55645390,55819499,55964697,56081455,56170690,56234250,56273041,56290629,56295032,56296406,56303011,56317534,56341308,56379327,56436762,56516908,56622956,56753658,56902081,57058173,57214474,57369629,57525459,57681639,57838596,57997210,58156871,58318771,58488026,58671413,58874117,59097129,59339971,59604347,59891788,60202727,60538143,60896101,61270318
Europe,Italy,46366767,46786118,47171699,47522671,47841004,48131479,48401893,48662851,48927140,49208667,49519312,49865553,50245528,50647763,51054762,51453513,51839323,52215095,52584254,52952971,53324772,53700117,54074032,54438147,54781374,55095516,55377233,55627789,55849349,56046086,56221171,56376115,56510204,56622072,56709575,56772141,56808914,56823401,56824700,56824792,56832330,56856059,56895154,56937520,56965197,56968039,56938342,56888300,56851522,56873677,56986329,57199219,57498867,57864332,58263782,58671206,59082100,59495243,59891479
Africa,South Africa,13683162,13993912,14322458,14665211,15019719,15384665,15759932,16146536,16546450,16962304,17396477,17850139,18322409,18809986,19308185,19813932,20325179,20843695,21374801,21926000,22502306,23106584,23736249,24384286,25040691,25698624,26353940,27009603,27674353,28360792,29077186,29828924,30611185,31409842,32204995,32983394,33734360,34464223,35196881,35966236,36793907,37690924,38641823,39609488,40542036,41402400,42175740,42873355,43516225,44137342,44760380,45389577,46015405,46631364,47226670,47792787,48330914,48842462,49319363
Asia,"Korea, Rep.",19211386,19304677,19566709,19978822,20520266,21168216,21897498,22680855,23489746,24295670,25074152,25808981,26495936,27144368,27772698,28395140,29009251,29610399,30208614,30816726,31443029,32094421,32766592,33442949,34099932,34721507,35299344,35840876,36364813,36898192,37459530,38054603,38674216,39303579,39920981,40509932,41066824,41594331,42089874,42552039,42980365,43372546,43729283,44057249,44365820,44662143,44949627,45227776,45495222,45749004,45987624,46210554,46420867,46624837,46830699,47044126,47267733,47499360,47733951
Asia,Myanmar,17157508,17463258,17786203,18127006,18485791,18862149,19255085,19663071,20084160,20516191,20957397,21407053,21866045,22337108,22824142,23330184,23854648,24397064,24960539,25548930,26164131,26807570,27475978,28160632,28849728,29534378,30210895,30880196,31543652,32204485,32864901,33524053,34179992,34832636,35481981,36127741,36770437,37409257,38041034,38661616,39268304,39855885,40425088,40985963,41552659,42133199,42735941,43352191,43952526,44496687,44957660,45323903,45609292,45843675,46070248,46321162,46605278,46915826,47250315
Europe,Spain,28069737,28236442,28427994,28637153,28858741,29089637,29328890,29577608,29838623,30115936,30413044,30731163,31067664,31415410,31764645,32108561,32443113,32770565,33098047,33436107,33791761,34165661,34553119,34949102,35346395,35738587,36124485,36501995,36862658,37196233,37495321,37757496,37984198,38177151,38339878,38476148,38586351,38673057,38745231,38814280,38889158,38979222,39086335,39203352,39318577,39426834,39519508,39608652,39734033,39948910,40288457,40767010,41364726,42039800,42732092,43395441,44017887,44604384,45146258
South America,Colombia,11999600,12344434,12697334,13060599,13436142,13825474,14229713,14649582,15085424,15537230,16004714,16487391,16984652,17495793,18019927,18555731,19104020,19663029,20225830,20783427,21329811,21861689,22381887,22898136,23421644,23960605,24517307,25089511,25675364,26271401,26874906,27485678,28104254,28729367,29359535,29993539,30630754,31270841,31913250,32557521,33203321,33849971,34497319,35146220,35797965,36453337,37112621,37775054,38439099,39102653,39764166,40422597,41078136,41731914,42385712,43040558,43696540,44352327,45005782
Africa,Tanzania,7649766,7847333,8055939,8274761,8503222,8740991,8987990,9244386,9510560,9787066,10074485,10373274,10683638,11005471,11338515,11682835,12038154,12405300,12786751,13185749,13604523,14044480,14504837,14982938,15474884,15977990,16491445,17016577,17555450,18111097,18685789,19281182,19897071,20531760,21182600,21848290,22525148,23215060,23928658,24680404,25478979,26331511,27230502,28152305,29064223,29943732,30783155,31592450,32388671,33197305,34038161,34917073,35832494,36788281,37786946,38831024,39923609,41068185,42267667
South America,Argentina,17150335,17506378,17865382,18223955,18579614,18930778,19276813,19617988,19955368,20290620,20625451,20961000,21297317,21633126,21966478,22296628,22622012,22944941,23273148,23616971,23983358,24376109,24791983,25222223,25654154,26078731,26492716,26899177,27303001,27711808,28131040,28561561,29001060,29447973,29899743,30354240,30810984,31269799,31729130,32187173,32642442,33093579,33540023,33982035,34420352,34855160,35287113,35714929,36134642,36541029,36930709,37302116,37657340,38001251,38340778,38681174,39023850,39368066,39714298
Africa,Kenya,6076757,6240179,6412384,6593131,6782310,6979952,7186225,7401433,7626008,7860482,8105435,8361428,8628949,8908388,9200107,9504635,9822419,10154382,10502123,10867576,11252318,11657321,12082989,12529622,12997274,13486116,13995982,14527391,15081923,15661593,16267558,16899958,17557466,18237830,18937969,19655192,20387701,21134404,21894026,22665447,23447177,24240108,25042330,25846436,26642887,27425720,28191597,28944780,29696410,30462154,31253701,32076186,32927864,33805301,34702176,35614576,36540948,37485246,38455418
Europe,Poland,24824013,25383633,25919296,26417754,26871945,27280997,27650608,27992667,28324111,28665037,29033001,29436954,29871931,30316767,30740557,31121621,31453366,31744824,32008949,32265420,32529022,32803069,33084382,33373543,33669650,33971911,34279654,34593234,34913558,35241738,35577214,35921102,36269149,36608819,36923674,37201804,37438003,37634787,37797656,37935815,38056174,38160714,38247716,38316289,38364540,38391778,38398942,38389116,38366420,38336047,38302444,38266810,38230497,38198151,38175134,38165040,38170330,38189762,38218462
Africa,Algeria,8752997,8953373,9140990,9326099,9515990,9715002,9924347,10142284,10364614,10585506,10799997,11006643,11209845,11420845,11654905,11923002,12229853,12572629,12945462,13338918,13746185,14165889,14600659,15052371,15524137,16018195,16533323,17068212,17624756,18205468,18811199,19442423,20095648,20762767,21433070,22098298,22753511,23398470,24035237,24668100,25299182,25930560,26557969,27169903,27751086,28291591,28786855,29242917,29673694,30099010,30533827,30982214,31441848,31913462,32396048,32888449,33391954,33906605,34428028
North America,Canada,13736997,14132558,14518772,14909614,15314040,15735988,16174093,16621974,17069068,17502043,17909009,18284009,18630957,18965320,19309343,19678005,20078135,20501867,20931716,21342600,21716855,22048431,22344104,22614673,22876657,23142272,23416090,23695198,23975639,24250641,24516277,24769849,25016047,25266950,25538860,25842588,26183106,26554540,26943398,27330298,27700854,28051725,28386162,28704519,29009032,29302092,29582222,29850242,30113972,30383823,30667365,30967236,31281727,31608562,31943605,32283413,32627978,32977334,33327954
Africa,Sudan,7309769,7462786,7627408,7801653,7983886,8172814,8367493,8567322,8772025,8981616,9196306,9416392,9642172,9873906,10111923,10356949,10608998,10869525,11142482,11432923,11744590,12079205,12436311,12814718,13212203,13627096,14057092,14502283,14965920,15452659,15964476,16505106,17069788,17641875,18198981,18726053,19215610,19674861,20121591,20581590,21073606,21603126,22164751,22753100,23358732,23974432,24601180,25241197,25889911,26541630,27193105,27840967,28488328,29146386,29830604,30551777,31314098,32113409,32941836
Africa,Uganda,5158193,5306689,5453244,5599541,5747415,5898851,6056012,6221214,6396841,6585220,6788219,7006823,7240764,7488366,7746988,8014352,8290837,8576166,8866641,9157569,9445932,9730174,10012125,10296444,10589763,10897136,11221247,11561734,11917048,12284315,12662131,13049012,13447769,13866291,14315090,14801113,15327718,15891143,16482365,17088426,17699717,18314701,18935726,19561967,20193432,20831075,21473592,22123185,22788843,23482533,24213120,24984181,25794397,26641627,27521632,28431204,29370251,30339895,31339392
Africa,Morocco,8953000,9167716,9390159,9623715,9870670,10132210,10408363,10698059,10999295,11309424,11625999,11947688,12275060,12610932,12959397,13323000,13703369,14098444,14502647,14908265,15309995,15706226,16099392,16493298,16893643,17304995,17726625,18158169,18604851,19073204,19566920,20088209,20633004,21190800,21747150,22291062,22818601,23330761,23827539,24310585,24781105,25237951,25679802,26107772,26523600,26928600,27323664,27708647,28082684,28444414,28793236,29129204,29453931,29770316,30082152,30392473,30702084,31011199,31321453
Asia,Afghanistan,8151455,8276820,8407148,8542906,8684494,8832253,8986449,9147286,9314915,9489453,9671046,9859928,10056480,10261254,10474903,10697983,10927724,11163656,11411022,11676990,11964906,12273101,12593688,12915499,13223928,13505544,13766792,14003408,14179656,14249493,14185729,13984092,13672870,13300056,12931791,12625292,12372113,12183387,12156685,12414686,13032161,14069854,15472076,17053213,18553819,19789880,20684982,21299350,21752257,22227543,22856302,23677385,24639841,25678639,26693486,27614718,28420974,29145841,29839994
Asia,Iraq,5719192,5915805,6092562,6255685,6410642,6562134,6714083,6869646,7031285,7200857,7379922,7570069,7773193,7991619,8227763,8483109,8759064,9054873,9367055,9690613,10021785,10358219,10700247,11049889,11410460,11783644,12170881,12569201,12970635,13364514,13743534,14106693,14457565,14799456,15137560,15477228,15818309,16164205,16528250,16927393,17373767,17871623,18417924,19008018,19633844,20288226,20972915,21686777,22416190,23143629,23857458,24552000,25233067,25914982,26618523,27359461,28140999,28960581,29821136
Asia,Nepal,8230991,8372203,8512546,8653473,8796252,8941972,9091534,9245658,9404902,9569700,9740462,9917687,10102057,10294480,10495972,10707313,10928950,11160972,11403306,11655685,11917872,12189968,12472000,12763547,13064044,13373069,13690544,14016547,14351017,14693930,15045329,15405456,15774532,16152598,16539682,16936006,17341408,17756510,18183258,18624187,19081064,19554170,20042806,20546441,21064150,21594872,22137784,22691788,23255046,23825372,24400606,24980184,25562573,26143530,26717875,27281945,27833665,28373838,28905358
South America,Peru,7632461,7821202,8020389,8228650,8445110,8669403,8901699,9142672,9393411,9655274,9929439,10216429,10515695,10825440,11143120,11466936,11796103,12131226,12473584,12825119,13187182,13559712,13941958,14333692,14734523,15143887,15561809,15987545,16418798,16852621,17286832,17720017,18152344,18585148,19020616,19460111,19903833,20350457,20797983,21243700,21685537,22122065,22553275,22980182,23404523,23827163,24248671,24667356,25079136,25478577,25861887,26228274,26579252,26916342,27242033,27558769,27866387,28166078,28463338
South America,Venezuela,5093708,5290182,5504783,5733449,5972956,6220929,6475873,6737137,7004812,7279562,7562108,7852680,8150542,8453781,8759890,9067485,9375646,9686071,10003238,10333268,10680678,11045959,11428022,11827681,12245478,12681017,13135849,13607958,14088961,14567680,15036273,15490555,15932973,16370463,16813481,17269324,17740108,18222505,18711830,19201096,19685177,20162745,20635233,21103592,21569680,22034909,22499248,22962221,23424338,23886213,24348304,24810691,25273336,25736393,26199994,26664122,27128721,27593427,28057485
Asia,Malaysia,6109907,6261928,6433126,6618149,6813133,7015713,7225097,7441991,7668339,7906924,8160113,8428536,8709925,8998621,9286976,9569499,9844029,10112042,10376210,10640883,10909353,11182967,11461117,11742976,12027040,12312736,12600292,12891897,13191366,13503629,13832586,14178739,14542156,14925545,15331937,15762856,16220169,16701745,17200067,17704839,18208562,18707774,19204087,19701263,20205446,20720810,21247102,21781499,22322448,22867698,23414909,23964621,24515323,25060184,25590453,26100241,26586287,27051142,27502008
Asia,Saudi Arabia,3121337,3194590,3274903,3359455,3446429,3535014,3625448,3718978,3817701,3924325,4041422,4170636,4311990,4463589,4622460,4787033,4957637,5137042,5329207,5539331,5771846,6028687,6311207,6622572,6966138,7344638,7756072,8200523,8684651,9217019,9801475,10440852,11126570,11836762,12542098,13220479,13862213,14469298,15045709,15600314,16139053,16669764,17189075,17679720,18117969,18491845,18786467,19020639,19256649,19578923,20045276,20681576,21463072,22334371,23213767,24041116,24799436,25504176,26166639
Asia,"Korea, Dem. Rep.",9736822,9559286,9458418,9438059,9497569,9631831,9830947,10080542,10362648,10657200,10946479,11219876,11478046,11734690,12011509,12323345,12671954,13048499,13444411,13847248,14246772,14642731,15034521,15411302,15759909,16072089,16341363,16572788,16784068,17000252,17239340,17508435,17802273,18111491,18421195,18720888,19006458,19282372,19556657,19841107,20143212,20466180,20804249,21145052,21471407,21770898,22038893,22278723,22495715,22698674,22894095,23083419,23264576,23436550,23597383,23745941,23882465,24008606,24126329
Europe,Yugoslavia,16297531,16519051,16708339,16936955,17151054,17363720,17507629,17659122,17795514,17968173,18132522,18318174,18500274,18684866,18852368,19038028,19221270,19390351,19552190,19704952,19839733,20014589,20197487,20367416,20549749,20732000,20929536,21125829,21309215,21490291,21615000,21707267,21884748,22018103,22086851,22216101,22339382,22435224,22536381,22634445,22719621,23068157,23086612,22921437,22916714,23025391,23046512,23077312,23247390,23273003,23321566,23443852,23520190,23610989,23719918,23811905,23887171,23946096,23988543
Africa,Ghana,4980879,5088932,5229464,5392178,5568967,5753908,5943367,6135898,6331952,6533404,6742107,6958364,7179577,7399678,7610752,7807845,7986643,8150359,8310713,8484140,8681818,8911291,9167822,9435673,9692196,9922663,10119038,10290712,10461377,10664342,10922708,11246007,11624726,12039663,12462279,12871965,13261929,13638708,14010951,14392619,14793415,15216133,15655847,16105502,16554855,16996901,17429209,17855250,18281113,18715676,19165490,19632265,20114361,20610897,21119911,21639806,22170556,22712403,23264176
Asia,Taiwan,7981000,8251000,8550000,8850000,9160000,9486000,9825000,10164000,10500000,10853000,11209000,11563000,11919000,12277000,12631000,12978000,13321000,13649000,13962000,14282000,14598000,14918000,15226000,15526000,15824000,16122000,16450000,16785000,17112000,17450000,17848000,18177000,18501000,18803000,19083000,19337000,19556000,19758000,19976000,20208000,20278000,20492000,20687000,20886000,21093000,21290000,21458000,21639000,21834000,22008000,22183000,22336000,22451000,22543000,22622000,22701000,22782000,22859000,22921000
Asia,"Yemen, Rep.",4316001,4382878,4454322,4529011,4606037,4684895,4765512,4848224,4933703,5022846,5116419,5214688,5317095,5422115,5527652,5632206,5737000,5842868,5947698,6048704,6144992,6235264,6323380,6419984,6539217,6691425,6880620,7104782,7360655,7642329,7945180,8270681,8620116,8988432,9369068,9758220,10149222,10544972,10962489,11425336,11948209,12540234,13190192,13867656,14530275,15148172,15710211,16226938,16716850,17208494,17723186,18266008,18831819,19419710,20026117,20648643,21288070,21946990,22626595
Africa,Mozambique,6442133,6535891,6636035,6742252,6854315,6972081,7095498,7224598,7359490,7500335,7647298,7800484,7959885,8125366,8296714,8473839,8657160,8847011,9043165,9245275,9453385,9665565,9882427,10109426,10353943,10620268,10908878,11214834,11530022,11843382,12145501,12441643,12731231,12992962,13199259,13334972,13384409,13365201,13336217,13378100,13547076,13867422,14318167,14854590,15409381,15933452,16412893,16862385,17295521,17735992,18200656,18691461,19200021,19721009,20246287,20770013,21290952,21811326,22332900
Europe,Romania,16310998,16607889,16856828,17077384,17284001,17485998,17687296,17886689,18078643,18254608,18407002,18533445,18640463,18745088,18870340,19031999,19237491,19480203,19744551,20007565,20252540,20473447,20674980,20863942,21051489,21245107,21447200,21652976,21854285,22039699,22201389,22333737,22439782,22530615,22622239,22724837,22845000,22975571,23096515,23179894,23206719,23169554,23077600,22948987,22810195,22680954,22567385,22465454,22372555,22282690,22191683,22100007,22010781,21925307,21845264,21771749,21705175,21644886,21589544
Australia,Australia,8177344,8398540,8604679,8804552,9004634,9209085,9419635,9635700,9854726,10072762,10286184,10493531,10697112,10903699,11122567,11359763,11617580,11892163,12175746,12457299,12728362,12987847,13236895,13472175,13690285,13889696,14067994,14227905,14379565,14536839,14709918,14901610,15109659,15332790,15567927,15812088,16066496,16330369,16596096,16853690,17096153,17320633,17529469,17727413,17921818,18118416,18319637,18525153,18734878,18947894,19164351,19382188,19604051,19840120,20103822,20403520,20744295,21119988,21513817
Asia,Sri Lanka,8240623,8362125,8495641,8642543,8803521,8978595,9167067,9367565,9578146,9796484,10020405,10248471,10480484,10717705,10962237,11215216,11477133,11746217,12018646,12289319,12554583,12812407,13063663,13311145,13559172,13810647,14066703,14325640,14584167,14837618,15082771,15317817,15544043,15765034,15986020,16210466,16439169,16669911,16899425,17123045,17337048,17542866,17740936,17925624,18089720,18229498,18340596,18428257,18510095,18610110,18745084,18921794,19134096,19369853,19610604,19842536,20062070,20272269,20473799
Asia,Syria,3413330,3496671,3587333,3685409,3790891,3903672,4023540,4150185,4283219,4422215,4566822,4716875,4872506,5034188,5202606,5378287,5561371,5751807,5949690,6155081,6368017,6588936,6817940,7054361,7297254,7546139,7800152,8059995,8328592,8609920,8906543,9219690,9547693,9886629,10230958,10576592,10921760,11267240,11614542,11966274,12324116,12690183,13063423,13438799,13809349,14171130,14518843,14856464,15200324,15572833,15988534,16454926,16962918,17490104,18004797,18484122,18920727,19321300,19694259
Africa,Madagascar,4083554,4168939,4258186,4351132,4447673,4547759,4651404,4758677,4869698,4984631,5103652,5226922,5354559,5486625,5623161,5764278,5909996,6060590,6216739,6379309,6548922,6725666,6909376,7100076,7297711,7502097,7713983,7933128,8157215,8383124,8608964,8833875,9059559,9289882,9530197,9784559,10054543,10339739,10639804,10953663,11280625,11620718,11974724,12343496,12728117,13129227,13547271,13981666,14430739,14892172,15364272,15846412,16338968,16842482,17357913,17885967,18426870,18980391,19546282
Africa,Cote d'Ivoire,2630132,2708840,2793262,2882232,2975083,3071653,3172308,3277914,3389763,3509432,3638385,3777543,3926909,4085408,4251345,4423736,4602382,4788525,4984378,5192919,5416416,5655462,5909848,6180001,6466158,6768313,7086257,7419474,7767109,8128032,8500985,8885888,9281593,9684478,10089976,10494827,10896269,11294791,11694318,12100741,12517730,12945880,13381799,13820229,14253952,14677200,15089912,15492127,15878555,16242889,16581653,16892864,17180649,17455501,17731840,18020946,18325979,18646754,18987007
Africa,Cameroon,4466497,4549464,4634190,4720787,4809464,4900528,4994394,5091573,5192659,5298296,5409083,5525481,5647721,5775774,5909450,6048706,6193834,6345309,6503500,6668834,6841763,7022124,7210272,7407756,7616558,7837926,8072879,8320635,8578425,8842355,9109727,9379109,9651552,9929831,10218016,10518855,10832919,11158600,11493770,11835344,12180819,12529904,12882506,13236573,13589699,13940337,14287475,14631908,14976200,15324051,15678269,16039737,16408085,16783366,17165267,17553589,17948395,18350022,18758778
Africa,Angola,4147509,4219332,4296534,4376947,4458962,4541519,4624143,4706909,4790376,4875462,4963068,5053693,5147083,5242084,5337063,5431135,5524090,5617242,5713156,5815282,5926333,6047736,6179685,6322194,6474796,6637419,6808850,6989988,7185188,7400231,7638420,7903368,8191774,8491682,8786652,9065562,9322550,9562796,9799680,10052567,10335052,10653515,11002910,11371750,11742960,12105105,12452725,12792237,13138265,13511575,13926373,14388244,14890474,15419943,15957460,16489021,17010366,17525367,18037964
South America,Chile,6081931,6194334,6321806,6461332,6610525,6767613,6931486,7101654,7278151,7461373,7651579,7848372,8050234,8254329,8457066,8655738,8849016,9037026,9220343,9400225,9577572,9752949,9925950,10095485,10260027,10418880,10571597,10719748,10867152,11018910,11178817,11348442,11527274,11714442,11908189,12107225,12310666,12518930,12733409,12956088,13187821,13429315,13678373,13929390,14174890,14409416,14630769,14840038,15039162,15231557,15419820,15604200,15783991,15959793,16132209,16301726,16468677,16633254,16795593
Europe,Netherlands,10027047,10148830,10275906,10407381,10542570,10680990,10822380,10966682,11114008,11264566,11418460,11575478,11734901,11895425,12055386,12213435,12368832,12521308,12670558,12816446,12958757,13097251,13231426,13360546,13483746,13600423,13710713,13814863,13912617,14003707,14088274,14166213,14238594,14308217,14378740,14452941,14531566,14614382,14701901,14794378,14891719,14994691,15102709,15212612,15320112,15422165,15517122,15605817,15690705,15775532,15862825,15953446,16045935,16137709,16225091,16305457,16377959,16443483,16503263
Africa,Burkina Faso,4284459,4326475,4371948,4421583,4475785,4534650,4597951,4665157,4735491,4808018,4881947,4956921,5033296,5112252,5195464,5284154,5378861,5479285,5584807,5694428,5807492,5923949,6044303,6169133,6299238,6435274,6577502,6726016,6881106,7043049,7212088,7388473,7572382,7763888,7963009,8169792,8384383,8606963,8837666,9076631,9323996,9580035,9844931,10118634,10401025,10692138,10992170,11301608,11621159,11951701,12294012,12648474,13015435,13395599,13789736,14198463,14622202,15061127,15515258
Africa,Mali,4637633,4693573,4750451,4808476,4867776,4928400,4990311,5053392,5117468,5182338,5247877,5314146,5381485,5450558,5522231,5597238,5675700,5757783,5844286,5936162,6034022,6138428,6249101,6364760,6483570,6604259,6725776,6848536,6974443,7106248,7245598,7394730,7552338,7712392,7866571,8009705,8139016,8258615,8378673,8513337,8672868,8861362,9076261,9313042,9564231,9824510,10092753,10371338,10662517,10969725,11295324,11639798,12001887,12380104,12772264,13176642,13592796,14020786,14459990
Africa,Niger,2461726,2535752,2609713,2683898,2758676,2834493,2911882,2991457,3073885,3159855,3249965,3344605,3443850,3547421,3654806,3765632,3879910,3997810,4119299,4244349,4372957,4505018,4640560,4779869,4923337,5071204,5223853,5381141,5542178,5705724,5871030,6038229,6208128,6381552,6559627,6743501,6933529,7130570,7336924,7555416,7788198,8036341,8299868,8578542,8871631,9178575,9499892,9835945,10185812,10548219,10922421,11308134,11706182,12118322,12546945,12993884,13460138,13945662,14450007
South America,Ecuador,3387357,3475475,3566804,3661499,3759759,3861808,3967916,4078387,4193546,4313726,4439206,4570153,4706566,4848259,4994917,5146294,5302370,5463176,5628565,5798368,5972464,6150690,6333049,6519792,6711284,6907740,7109119,7315156,7525548,7739894,7957811,8178948,8403034,8629832,8859125,9090592,9323745,9557974,9792658,10027109,10260587,10493498,10725281,10953182,11173647,11384506,11584074,11774005,11959586,12148188,12345023,12552036,12767415,12987992,13208869,13426402,13639708,13849721,14056740
Africa,Malawi,2880700,2930156,2984164,3041877,3102675,3166157,3232162,3300751,3372183,3446871,3525246,3607612,3694022,3784224,3877813,3974682,4074649,4178378,4287627,4404709,4531280,4667889,4814073,4969175,5132087,5301861,5481074,5670199,5863933,6055046,6239898,6409111,6567327,6741249,6967388,7268257,7661008,8128340,8616602,9051225,9380892,9583696,9681728,9721620,9772164,9883350,10070605,10319125,10612353,10922265,11228756,11529337,11833102,12144945,12472794,12822587,13195329,13589404,14005113
South America,Cambodia,4345800,4457418,4555803,4648644,4741920,4839899,4945074,5058226,5178625,5304357,5433306,5564215,5697598,5836139,5983575,6141404,6310320,6485769,6657435,6811663,6937996,7039481,7118136,7162333,7157572,7097800,6972559,6796368,6618684,6506208,6505693,6636869,6883519,7211815,7570081,7919802,8250479,8571130,8885701,9203893,9531928,9868226,10205755,10539239,10862069,11169233,11458858,11731187,11986128,12224414,12446949,12653684,12845222,13024171,13193961,13357574,13515884,13669857,13822644
North America,Guatemala,3146073,3239086,3333591,3429673,3527441,3627032,3728613,3832377,3938540,4047330,4158956,4273585,4391307,4512133,4636016,4762956,4892812,5025681,5162058,5302604,5447687,5597742,5752386,5910205,6069254,6228224,6386403,6544422,6703955,6867413,7036484,7211938,7393131,7578625,7766291,7954682,8143365,8333124,8525211,8721429,8923131,9131088,9345130,9564571,9788284,10015675,10246429,10481515,10723154,10974314,11237101,11512637,11800351,12098576,12404764,12717154,13034904,13358842,13690846
Africa,Zimbabwe,2746854,2830448,2918424,3010186,3105348,3203736,3305402,3410607,3519798,3633542,3752373,3876616,4006236,4140773,4279524,4422087,4568266,4718550,4874043,5036244,5206229,5385233,5573154,5768190,5967705,6170260,6374197,6581329,6797807,7032001,7289463,7571447,7874642,8194203,8523090,8855279,9189169,9523376,9852244,10169188,10469202,10748215,11005690,11244552,11469872,11684693,11891290,12086519,12261742,12405236,12509477,12575015,12607791,12612956,12597877,12570686,12529655,12481245,12451543
Africa,Zambia,2340352,2396669,2456377,2519173,2584872,2653413,2724859,2799397,2877314,2958976,3044733,3134831,3229329,3328063,3430747,3537265,3647470,3761707,3880914,4006340,4138837,4278863,4426079,4579560,4737942,4900255,5066012,5235519,5409528,5589172,5775165,5967511,6165560,6368542,6575403,6785211,6998307,7214499,7431752,7647450,7860053,8067972,8272498,8478471,8692599,8919456,9161931,9418120,9682058,9945115,10201562,10449825,10693471,10938261,11192422,11462365,11750105,12055384,12379612
Africa,Senegal,2416264,2463892,2513702,2566574,2623159,2683866,2748861,2818072,2891230,2967928,3047804,3130743,3217043,3307493,3403161,3504782,3612246,3725151,3843517,3967316,4096245,4231030,4370991,4512774,4651922,4785536,4912200,5033645,5154054,5279383,5414070,5559400,5714508,5879044,6051962,6232395,6420323,6615896,6818495,7027320,7241573,7461567,7686866,7915080,8143140,8369125,8591861,8812695,9035367,9265135,9505862,9758841,10023194,10297956,10581316,10871908,11169549,11474661,11787123
Europe,Greece,7566002,7646718,7725959,7805207,7885213,7965998,8046802,8126135,8201917,8271724,8333499,8386326,8431099,8470808,8509724,8551005,8596595,8646013,8697173,8746781,8793002,8833582,8870711,8912166,8968522,9046544,9149987,9274357,9408034,9534673,9642504,9728220,9795461,9848045,9892518,9934292,9972624,10007304,10045020,10094241,10160501,10247132,10351229,10464295,10574134,10671809,10754641,10824894,10884604,10937612,10986883,11032395,11073334,11111072,11147261,11183114,11219300,11255717,11291807
North America,Cuba,5919997,6049922,6177490,6300986,6419791,6534381,6646398,6758582,6874540,6998378,7133582,7281821,7441909,7609348,7777606,7941840,8099779,8252314,8401476,8550671,8701886,8855989,9010586,9160532,9298895,9420828,9525242,9614061,9689324,9754343,9812223,9862283,9905577,9949046,10001593,10069187,10155111,10256694,10366500,10473701,10570328,10654121,10727088,10790686,10847842,10900795,10949206,10992290,11031429,11068382,11104313,11140168,11175434,11208029,11234970,11254242,11265124,11268687,11266905
Europe,Serbia and Montenegro,7105848,7199471,7273981,7370153,7471053,7576664,7644411,7713964,7780381,7860442,7932423,8010127,8090588,8169862,8243056,8321934,8402575,8472257,8544687,8614981,8681198,8756005,8840966,8918143,9004086,9091000,9169326,9246440,9318465,9388325,9515000,9533336,9613644,9669888,9669888,9723912,9777137,9809689,9852116,9895502,9935057,10210920,10448018,10562866,10684474,10862873,10995456,11029245,11003339,10891329,10850210,10858358,10831812,10823280,10825900,10829175,10832545,10835426,10837664
Africa,Chad,2429431,2472725,2519184,2568013,2618633,2670681,2724017,2778716,2835038,2893372,2954088,3017366,3083054,3150606,3219259,3288547,3357972,3427888,3499681,3575273,3655905,3742580,3834574,3929341,4023300,4114094,4201073,4285738,4370560,4459072,4554089,4656116,4765160,4882913,5011242,5151339,5304490,5470211,5645708,5826974,6011224,6197766,6387856,6583079,6785842,6998108,7219081,7448585,7689836,7946982,8222327,8517944,8831199,9153893,9474792,9785902,10084087,10371839,10653762
Europe,Portugal,8416969,8432070,8475340,8534730,8600563,8665530,8724773,8775803,8818242,8853393,8882954,8907640,8925989,8933839,8925792,8899506,8851326,8786529,8722574,8682998,8684237,8732165,8820645,8939024,9070905,9203339,9333952,9463583,9586166,9695175,9785924,9855958,9905701,9937389,9955005,9962255,9958747,9945601,9930001,9921120,9925477,9946333,9982069,10028171,10077548,10124943,10169044,10211281,10252334,10293668,10336209,10379756,10423256,10465808,10506253,10543663,10577630,10608036,10634612
Europe,Belgium,8628489,8665736,8710135,8759521,8812159,8866744,8922420,8978760,9035709,9093483,9152271,9211920,9271655,9329967,9384939,9435244,9479970,9519500,9555402,9590007,9624908,9660688,9696539,9730978,9761867,9787677,9808403,9824685,9836487,9843898,9847297,9846320,9841800,9836784,9835279,9840123,9852488,9871551,9895654,9922158,9949019,9976325,10004469,10032084,10057529,10079873,10098192,10113392,10128653,10148371,10175684,10211264,10254025,10303108,10356993,10414209,10474993,10538758,10602167
Europe,Czech Rep.,8876260,8957188,9036508,9112988,9185663,9253842,9317119,9375356,9428668,9477371,9521854,9562444,9599284,9632276,9661235,9686318,9707426,9725518,9743100,9763422,9788863,9819749,9855516,9896416,9942472,9993206,10049465,10110020,10169747,10221861,10261606,10286947,10299490,10302679,10301798,10300844,10300475,10299854,10299711,10300582,10302718,10307130,10313662,10319923,10322561,10319337,10310016,10295984,10278707,10260335,10242890,10225701,10209500,10199327,10201665,10220638,10258796,10313525,10377359
Africa,Tunisia,3529608,3596387,3661847,3727072,3792913,3860000,3928722,3999242,4071527,4145402,4220701,4297441,4375959,4456986,4541457,4630000,4723497,4821782,4923201,5025402,5127001,5226965,5326668,5430023,5542400,5667516,5806713,5958456,6120018,6287287,6457092,6628154,6800734,6974955,7151430,7330267,7511099,7692463,7872065,8047027,8215111,8375587,8528401,8672916,8808669,8935523,9053410,9162870,9265266,9362447,9456117,9546453,9634180,9722180,9814009,9912114,10017832,10130368,10247325
Europe,Hungary,9337723,9478369,9594893,9689536,9764807,9823485,9868650,9903650,9932015,9957295,9982612,10010165,10040803,10073845,10107595,10140871,10173802,10207293,10241753,10277698,10315420,10354275,10393745,10434264,10476458,10520246,10566645,10614041,10656575,10686489,10698534,10690574,10665068,10627145,10584347,10542504,10502732,10464389,10429422,10399695,10376320,10360831,10352695,10348284,10342427,10331403,10313993,10291342,10264982,10237422,10210545,10184663,10159273,10134513,10110393,10086936,10064274,10042572,10021886
Africa,Rwanda,2072195,2128012,2187504,2250407,2316489,2385553,2457436,2532004,2609162,2688844,2771018,2855692,2942908,3032745,3125315,3220770,3319229,3420890,3526088,3635227,3748672,3866501,3988895,4116446,4249861,4389619,4536057,4688997,4847747,5011299,5178927,5343129,5502531,5669024,5859270,6080907,6356230,6672124,6959599,7124870,7109538,6871192,6452688,5984449,5648306,5570206,5803830,6297733,6944116,7582861,8098344,8456968,8696378,8857859,9009655,9201727,9441406,9710531,10004092
Europe,Serbia,6732256,6839783,6942216,7039281,7130885,7217120,7298269,7374796,7447327,7516595,7583324,7648077,7711142,7772481,7831873,7889351,7944927,7999327,8054147,8111427,8172645,8238178,8307669,8380884,8457297,8536301,8618095,8702227,8786614,8868545,8946077,9019281,9088833,9154306,9215339,9272302,9322048,9365835,9413538,9478469,9568744,9689735,9834717,9984888,10114158,10203932,10248363,10253548,10227702,10184152,10133561,10076784,10013058,9949713,9895409,9856152,9835841,9832994,9841360
North America,Haiti,3221277,3275552,3331968,3390630,3451618,3514984,3580755,3648930,3719485,3792367,3867502,3944791,4024114,4105331,4188276,4272760,4359031,4446944,4535485,4623315,4709644,4794158,4877645,4961817,5049035,5141143,5238431,5340812,5449236,5564724,5687812,5819084,5957920,6102119,6248634,6395193,6540928,6686182,6831374,6977397,7124877,7273530,7422881,7573160,7724690,7877569,8031903,8187204,8342233,8495358,8645371,8791931,8935252,9075399,9212634,9347262,9479136,9608453,9736332
North America,Dominican Rep.,2380116,2453032,2531372,2614665,2702503,2794531,2890455,2990035,3093081,3199436,3308941,3421385,3536474,3653809,3772937,3893484,4015213,4137994,4261702,4386255,4511577,4637627,4764319,4891500,5019002,5146742,5274591,5402683,5531528,5661827,5794074,5928429,6064722,6202698,6341950,6482152,6623094,6764750,6907171,7050480,7194666,7339826,7485619,7631076,7774932,7916309,8054768,8190620,8324680,8458164,8591967,8726256,8860760,8995398,9129965,9264267,9398285,9531954,9664948
South America,Bolivia,2713630,2767960,2824538,2883362,2944416,3007667,3073070,3140563,3210075,3281534,3354895,3430160,3507408,3586804,3668568,3752892,3839751,3929192,4021551,4117259,4216572,4319564,4426012,4535500,4647442,4761344,4877275,4995172,5114274,5233624,5352649,5471025,5589245,5708585,5830816,5957291,6088253,6223523,6363470,6508417,6658462,6813834,6974168,7138204,7304230,7470925,7637622,7804333,7971237,8138802,8307248,8476709,8646659,8815911,8982917,9146655,9306660,9463497,9618466
Africa,Guinea,3093652,3139830,3181059,3220178,3259387,3300253,3343673,3389911,3438669,3489211,3540756,3592879,3645873,3700897,3759549,3822583,3890947,3963201,4034827,4099723,4153653,4195876,4228217,4252351,4270991,4286863,4300114,4312321,4329468,4359115,4406831,4477191,4569938,4679999,4799450,4923603,5045781,5170120,5315182,5506436,5759374,6083795,6466435,6871525,7249558,7565235,7805735,7982155,8112650,8226138,8344486,8472339,8604936,8743954,8889321,9041448,9201941,9373619,9559110
North America,Sweden,7014001,7076003,7129070,7176203,7219871,7261994,7303942,7346541,7390134,7434674,7480001,7526139,7573556,7623278,7676568,7734003,7796427,7862718,7929066,7990318,8042839,8084965,8117863,8144217,8168135,8192569,8218933,8246302,8272581,8294604,8310467,8319266,8322909,8325682,8333446,8350392,8377422,8413155,8456561,8505752,8558829,8616729,8678657,8738894,8789976,8826949,8847421,8853934,8852650,8852487,8860153,8877022,8901831,8935392,8977965,9029345,9090707,9161374,9236872
Europe,Azerbaijan,2895997,2964962,3044695,3132625,3226823,3326002,3429548,3537490,3650388,3769151,3894494,4026358,4163396,4302765,4440733,4574500,4702919,4826262,4944932,5059921,5172002,5281238,5387375,5490572,5591016,5688997,5784587,5878259,5971198,6064905,6160502,6258490,6358780,6461139,6565062,6670151,6775858,6882160,6989708,7099449,7211692,7327570,7445925,7562075,7669735,7764798,7845310,7913692,7975648,8039312,8110723,8191464,8280252,8376733,8479668,8587902,8701719,8821012,8943600
Africa,Somalia,2264081,2313526,2363736,2415015,2467617,2521750,2577566,2635172,2694628,2755972,2819246,2884550,2952068,3022091,3094969,3170982,3254907,3347825,3442418,3528415,3601206,3646798,3673532,3725116,3860931,4117971,4521026,5042594,5603598,6093765,6435589,6597719,6608106,6521168,6419685,6363791,6372348,6426592,6504572,6570210,6599249,6585079,6543380,6498410,6484228,6524697,6628554,6786636,6982940,7193120,7399033,7596920,7791254,7981955,8170899,8359859,8547497,8733493,8922260
Africa,South Sudan,1880222,1919582,1961925,2006745,2053619,2102215,2152290,2203691,2256344,2310256,2365478,2422089,2480164,2539771,2600994,2664019,2728851,2795865,2866074,2940782,3020949,3107019,3198874,3296208,3398449,3505168,3615772,3730284,3849541,3974741,4106390,4245451,4390699,4537851,4681151,4816725,4942648,5060777,5175686,5294006,5420563,5556767,5701228,5852564,6008344,6166715,6327927,6492553,6659415,6827051,6994624,7161267,7327782,7497047,7673043,7858543,8054628,8260226,8473315
Africa,Benin,2255222,2258097,2264492,2274125,2286767,2302243,2320433,2341271,2364737,2390851,2419644,2451123,2485248,2521922,2561022,2602490,2646310,2692610,2741672,2793872,2849508,2908713,2971515,3037990,3108179,3182130,3259918,3341618,3427274,3516917,3610578,3708675,3811326,3917941,4027682,4140176,4254522,4371470,4494242,4627194,4773137,4934077,5108335,5290562,5473217,5651141,5821985,5988093,6154708,6329476,6517810,6721337,6937985,7164976,7397985,7633757,7871707,8112573,8355980
Europe,Austria,6936445,6930746,6929474,6931618,6936580,6944174,6954658,6968701,6987299,7011632,7042634,7080528,7124432,7172179,7220812,7268015,7312775,7355039,7394601,7431574,7465908,7497731,7526469,7550638,7568347,7578498,7580564,7575669,7566450,7556551,7548798,7544359,7543194,7545472,7550960,7559621,7570906,7585345,7605095,7632984,7670513,7719577,7778255,7839625,7894229,7935624,7960464,7971553,7976117,7984694,8004712,8038480,8083059,8134235,8185553,8232196,8273208,8309783,8341806
Africa,Burundi,2456300,2504993,2550737,2595383,2640339,2686568,2734574,2784417,2835768,2888007,2940498,2992893,3045392,3098852,3154474,3212864,3275465,3341476,3406650,3465190,3513499,3549864,3577187,3602204,3634284,3680401,3742452,3819115,3910124,4014190,4129997,4257303,4395560,4542467,4695065,4850597,5008201,5166403,5321108,5467413,5601720,5724030,5835071,5933293,6017127,6086751,6140258,6181493,6223515,6283662,6374347,6499653,6656071,6838764,7039534,7251424,7474363,7707781,7943385
Europe,Bulgaria,7250999,7282560,7324411,7375320,7433978,7499009,7568951,7642268,7717389,7792759,7867008,7939132,8008652,8075674,8140705,8204095,8265527,8324589,8381450,8436396,8489572,8541136,8590839,8637941,8681449,8720706,8754869,8784175,8810299,8835614,8861536,8888449,8914880,8938068,8954236,8960417,8956687,8943245,8917563,8876627,8818915,8743034,8651284,8550495,8449971,8356624,8273011,8198008,8130284,8067041,8006158,7947761,7892666,7840117,7789180,7739115,7689520,7640283,7591322
Europe,Switzerland,4668088,4726281,4788955,4851983,4912879,4970798,5026644,5082961,5143629,5213340,5296052,5393334,5502915,5618068,5729362,5829839,5916770,5991515,6056165,6114502,6169124,6221393,6269871,6311231,6340818,6355947,6355012,6340979,6321339,6306326,6303346,6315530,6341096,6376512,6415987,6455375,6493102,6530777,6571061,6617925,6673738,6740104,6814701,6891266,6961228,7018702,7060963,7090483,7112948,7136740,7167908,7207987,7254975,7307078,7361231,7415007,7468350,7521613,7573204
Europe,Serbia excluding Kosovo,5669381,5740346,5796017,5872523,5953031,6036689,6089204,6143253,6194662,6256770,6312062,6372199,6434674,6496989,6553345,6616174,6679670,6734744,6792148,6847754,6899922,6958528,7023750,7083225,7149280,7216985,7278470,7338958,7395174,7449587,7565921,7581337,7631673,7677979,7685681,7730951,7774033,7798925,7832155,7866504,7897937,7595636,7604063,7614328,7622711,7628264,7622185,7598538,7567745,7540401,7516346,7503433,7500031,7480591,7463157,7440769,7431485,7438779,7445215
North America,Honduras,1487235,1524916,1568190,1615241,1664744,1715862,1768277,1822159,1878095,1936957,1999530,2066098,2136100,2207969,2279568,2349455,2417101,2483231,2549206,2617017,2688208,2763122,2841609,2924118,3011047,3102649,3199231,3300735,3406539,3515736,3627640,3741932,3858691,3978080,4100422,4225870,4354245,4485151,4618245,4753109,4889311,5026843,5165380,5303798,5440691,5575099,5706605,5835607,5963008,6090164,6218151,6347272,6477525,6609337,6743128,6879243,7017769,7158819,7302742
Asia,Israel,1257970,1354111,1451533,1546309,1635879,1719060,1796115,1868679,1939534,2012232,2089963,2174351,2264402,2356045,2443420,2522641,2591671,2652723,2711274,2775091,2849534,2936585,3033863,3137027,3239653,3336984,3428067,3514143,3595324,3672295,3745797,3816400,3884594,3951159,4017024,4083495,4149457,4216475,4291626,4384139,4499949,4642324,4807603,4986162,5164345,5332079,5486774,5630785,5765115,5892366,6014953,6131313,6241593,6352106,6471236,6604572,6755143,6920182,7092324
Asia,"Hong Kong, China",1973998,2036119,2133544,2249255,2370729,2489955,2603651,2713041,2823161,2941712,3075605,3227278,3391480,3553881,3694996,3801680,3868368,3901531,3914978,3928817,3958092,4005661,4068311,4147503,4243420,4355208,4485716,4633225,4786467,4930176,5053554,5151920,5228670,5291060,5350313,5414630,5486801,5564427,5644480,5721987,5793857,5857068,5914114,5973754,6048024,6144316,6268283,6414109,6563860,6692636,6783317,6828869,6836766,6822233,6807752,6809859,6832989,6872780,6926368
Asia,Papua New Guinea,1708192,1729258,1750891,1773340,1796820,1821508,1847546,1875038,1904061,1934676,1966961,2001049,2037162,2075625,2116822,2161087,2208398,2258847,2312978,2371467,2434698,2503009,2576020,2652505,2730770,2809595,2888403,2967506,3047644,3129991,3215339,3304033,3395633,3489227,3583521,3677658,3771385,3865230,3960087,4057228,4157654,4261537,4368815,4479959,4595463,4715617,4840693,4970478,5104153,5240560,5378824,5518586,5659946,5803029,5948135,6095437,6244916,6396307,6549268
South America,Paraguay,1473245,1511975,1551186,1591144,1632078,1674172,1717573,1762386,1808678,1856488,1905829,1956714,2009165,2063215,2118896,2176195,2235296,2296118,2358072,2420365,2482508,2544362,2606357,2669285,2734247,2802133,2873058,2947064,3024857,3107259,3194768,3287677,3385626,3487626,3592275,3698465,3805813,3914302,4023628,4133551,4243860,4354331,4464780,4575121,4685320,4795365,4905150,5014650,5124050,5233615,5343539,5453921,5564709,5675754,5786836,5897816,6008597,6119295,6230242
Asia,United Arab Emirates,69589,67816,69504,72700,76008,78599,80233,81232,82405,84913,89871,97936,108927,121678,134478,146387,156934,167420,180858,201308,231754,272529,322868,383152,453530,533554,624390,724684,828378,927412,1016228,1092153,1157336,1217021,1279010,1349000,1428788,1516782,1611257,1709232,1808642,1909812,2014095,2121704,2232980,2348539,2473983,2611610,2755497,2897038,3033491,3149440,3254691,3400959,3658042,4069349,4662728,5405541,6206623
Africa,Libya,1029010,1035282,1048211,1067811,1093883,1126017,1163569,1205683,1251337,1299425,1349004,1399552,1451196,1504811,1561744,1622996,1688870,1759132,1833611,1911968,1994000,2079897,2169965,2264278,2362900,2466000,2572300,2681887,2797780,2924086,3063000,3216430,3381390,3549220,3708142,3849801,3970886,4074021,4164147,4249018,4334459,4421885,4509970,4598629,4687106,4775009,4862665,4951076,5041233,5134324,5231189,5331311,5434293,5541062,5652797,5769709,5893738,6023053,6149620
North America,El Salvador,2199897,2236298,2278493,2325449,2376483,2431261,2489824,2552562,2620149,2693432,2773095,2859302,2951387,3047718,3146076,3244774,3342957,3440705,3538389,3636782,3736311,3836884,3937757,4037935,4136133,4231358,4323383,4412237,4497535,4578922,4656263,4729467,4798918,4865611,4930893,4995888,5060307,5124240,5189565,5258654,5332842,5413269,5498489,5584047,5663820,5733401,5791403,5839103,5878097,5911094,5940305,5966027,5988233,6008523,6028792,6050513,6074487,6100868,6129628
Asia,Laos,1682917,1724429,1766485,1809151,1852491,1896569,1941441,1987164,2033789,2081371,2129968,2179647,2230493,2282604,2336091,2391060,2447006,2503880,2562718,2624932,2691207,2762977,2839169,2914999,2983956,3041847,3086518,3120663,3150906,3186599,3234555,3296978,3372093,3457860,3550669,3647754,3748525,3853600,3962714,4075767,4192414,4312348,4434570,4557216,4677981,4795112,4907960,5016576,5120845,5220920,5317060,5408912,5496700,5582028,5667055,5753341,5841572,5931385,6022001
Asia,Jordan,448861,503766,543439,576884,610705,649110,693790,744040,797113,848827,895357,935159,970642,1008891,1059627,1129219,1220890,1330877,1449985,1565143,1666920,1752689,1825322,1887681,1944733,2000538,2055198,2108538,2164159,2226485,2298691,2383227,2479683,2584859,2693837,2803422,2910375,3016540,3129651,3260496,3415567,3599359,3806045,4019284,4216536,4382005,4510082,4606717,4682018,4751501,4827096,4910056,4998372,5096790,5210369,5342002,5495117,5667443,5848952
Africa,Togo,1395458,1426130,1442950,1453288,1462655,1474705,1491145,1511826,1535016,1557851,1577708,1593657,1607735,1625493,1654451,1699541,1763332,1843004,1931480,2018669,2097273,2165335,2225052,2278418,2328971,2379649,2430120,2480291,2533721,2594914,2666921,2751151,2846305,2949279,3055479,3161327,3266857,3372562,3475964,3574135,3665509,3747750,3822591,3897510,3982804,4085492,4208738,4349349,4500173,4650754,4793504,4926142,5050919,5170252,5288273,5408044,5529908,5652811,5776837
North America,Nicaragua,1294993,1331280,1370643,1413030,1458307,1506256,1556566,1608844,1662633,1717451,1772895,1828750,1885094,1942338,2001105,2061878,2124754,2189679,2256800,2326261,2398160,2472476,2549185,2628337,2709983,2794083,2880571,2969183,3059408,3150596,3242190,3334287,3426782,3518721,3608911,3696667,3781070,3862724,3944304,4029509,4120797,4219176,4323263,4430182,4535802,4637040,4733164,4824799,4911886,4994730,5073704,5148635,5219724,5288271,5356012,5424336,5493527,5563654,5635577
Africa,Sierra Leone,1895409,1920612,1946495,1973170,2000723,2029230,2058740,2089284,2120880,2153530,2187240,2222029,2257946,2295070,2333500,2373308,2414620,2457448,2501620,2546888,2593123,2640264,2688527,2738398,2790525,2845392,2903199,2963880,3027332,3093342,3161751,3230990,3300789,3373661,3453115,3540728,3639732,3746944,3849915,3931817,3981567,3995290,3979553,3946835,3915066,3898363,3898177,3913681,3953705,4028260,4143115,4303850,4505515,4730020,4952134,5153435,5327364,5478289,5612129
Europe,Denmark,4268270,4308125,4344863,4378663,4409858,4438935,4466552,4493517,4520755,4549237,4579770,4612789,4648157,4685089,4722383,4759095,4794927,4829945,4863983,4896948,4928704,4959083,4987806,5014503,5038752,5060227,5079015,5095133,5108145,5117514,5123026,5124545,5122696,5118998,5115476,5113701,5114172,5116854,5122098,5130127,5141034,5155038,5172040,5191370,5212071,5233364,5255213,5277572,5299649,5320488,5339501,5356055,5370507,5384487,5400280,5419444,5442644,5469130,5497312
Europe,Slovak Republic,3436574,3494399,3558070,3625562,3695133,3765317,3834942,3903115,3969202,4032799,4093623,4151408,4205808,4256354,4302571,4344322,4381278,4414055,4444651,4475755,4509366,4546043,4585443,4627506,4671864,4718093,4766402,4816543,4867021,4915864,4961607,5003672,5042276,5077753,5110779,5141880,5170942,5197804,5222922,5246884,5270072,5292792,5314849,5335519,5353767,5368894,5380807,5389895,5396548,5401350,5404845,5407045,5408162,5409182,5411339,5415496,5422122,5430974,5441304
Europe,Finland,4009003,4049971,4095096,4142102,4189185,4235002,4278702,4319898,4358612,4395188,4430001,4463165,4494265,4522251,4545748,4564002,4576277,4583461,4588404,4595003,4605998,4622759,4644371,4668510,4691674,4711432,4726845,4739016,4750001,4762803,4779488,4800928,4826163,4853221,4879235,4902206,4921232,4937130,4951685,4967527,4986441,5009160,5034766,5061394,5086368,5107802,5125177,5139257,5151024,5161995,5173370,5185180,5197305,5210595,5226067,5244342,5265936,5290431,5316334
Africa,Eritrea,1141300,1162455,1185426,1210063,1236248,1263899,1292970,1323450,1355355,1388725,1423599,1459988,1497855,1537105,1577613,1619301,1662247,1706539,1752123,1798934,1847000,1896028,1946213,1998632,2054727,2115400,2181178,2251397,2324290,2397387,2468902,2537333,2602966,2667868,2735121,2806456,2884388,2967048,3046674,3112654,3158295,3180430,3184019,3180541,3186063,3212503,3263016,3335157,3428264,3539885,3667576,3812473,3973973,4145500,4318343,4486155,4645837,4798561,4947521
Europe,Norway,3265000,3299431,3332263,3364169,3395643,3427000,3458366,3489693,3520775,3551305,3580998,3609745,3637730,3665487,3693750,3723001,3753376,3784577,3816102,3847232,3877383,3906490,3934529,3961021,3985401,4007312,4026586,4043440,4058407,4072258,4085621,4098699,4111566,4124588,4138150,4152560,4168003,4184566,4202325,4221299,4241485,4262932,4285620,4309369,4333931,4359096,4385139,4412092,4439248,4465664,4490859,4513953,4535599,4558660,4587046,4623298,4668802,4722016,4778959
Asia,Singapore,1022098,1067968,1120282,1178077,1240283,1305726,1373111,1441037,1508042,1572672,1633694,1690329,1742448,1790662,1836072,1879561,1921095,1960551,1998650,2036291,2074099,2112908,2152644,2191970,2228945,2262444,2291674,2317849,2344275,2375464,2414563,2463269,2520493,2583219,2646959,2708638,2766830,2823012,2880470,2943941,3016624,3099465,3190692,3287420,3385486,3481674,3576537,3670693,3761263,3844693,3919300,3980956,4032217,4086050,4160158,4265999,4409955,4584894,4772216
North America,Costa Rica,966015,994255,1025278,1058424,1093226,1129406,1166887,1205784,1246366,1289006,1334004,1381414,1430880,1481575,1532386,1582482,1631723,1680257,1727922,1774614,1820379,1865039,1908913,1953184,1999429,2048812,2101762,2158073,2217457,2279362,2343345,2409385,2477549,2547555,2619058,2691778,2765657,2840660,2916566,2993136,3070240,3147451,3224849,3303412,3384498,3468918,3557095,3648263,3740578,3831504,3919180,4002946,4083197,4160438,4235605,4309413,4381820,4452608,4522124
Europe,Croatia,3850295,3875666,3900723,3924560,3946581,3966497,3984346,4000475,4015489,4030174,4045251,4061112,4077596,4093890,4108808,4121599,4131926,4140383,4148285,4157459,4169217,4183960,4201302,4220795,4241669,4263294,4285523,4308344,4331398,4354275,4376608,4398610,4420169,4440263,4457579,4471404,4480137,4484450,4488560,4498278,4517200,4548076,4588173,4628968,4658613,4669001,4656706,4625390,4582742,4540042,4505533,4481620,4466013,4456587,4449522,4441986,4433791,4425995,4418387
Europe,Ireland,2913093,2920750,2923770,2921444,2913706,2901135,2884992,2867181,2850125,2836551,2828866,2828481,2835226,2847099,2860976,2874711,2887470,2900350,2915420,2935643,2963020,2997907,3039128,3085214,3134031,3183759,3233907,3284081,3332644,3377699,3417798,3452589,3482073,3505714,3523059,3534103,3538519,3537244,3533181,3530188,3531219,3537626,3549302,3565952,3586685,3610958,3638457,3669860,3706687,3750945,3803780,3865820,3935781,4010506,4085676,4158042,4226428,4291258,4352866
Australia,New Zealand,1908001,1947802,1992618,2040015,2088196,2136002,2182946,2229178,2275394,2322671,2372000,2423770,2477327,2530790,2581577,2628004,2668595,2704213,2738299,2775713,2819597,2871885,2930577,2990130,3042757,3083108,3109010,3122855,3129440,3135831,3147183,3165407,3189133,3216318,3243586,3268709,3290651,3310922,3332798,3360829,3397983,3446005,3503125,3564531,3623421,3675060,3717342,3752131,3783470,3817367,3858032,3906830,3961978,4020769,4079130,4134117,4184903,4232461,4277809
Africa,Central African Rep.,1326653,1339842,1353471,1367806,1383081,1399497,1417223,1436398,1457125,1479480,1503509,1529237,1556665,1585774,1616524,1648838,1682880,1718560,1755258,1792147,1828709,1864764,1900723,1937410,1975985,2017362,2061466,2108232,2158547,2213492,2273630,2339759,2411176,2485120,2557808,2626638,2690250,2749702,2807768,2868515,2934777,3007347,3084958,3165869,3247456,3327710,3406451,3484027,3559604,3632287,3701607,3767068,3829238,3890075,3952281,4017880,4087534,4160940,4237961
Asia,Lebanon,1442826,1466906,1499688,1539212,1583837,1632254,1683491,1736903,1792134,1849055,1907573,1967434,2028043,2088392,2147273,2203902,2256917,2306528,2355380,2407221,2464286,2528423,2597588,2665458,2723330,2765289,2788641,2796136,2794001,2791308,2794638,2807342,2827767,2851609,2872204,2885481,2888455,2884778,2884840,2902893,2948372,3026061,3130785,3249799,3364891,3462974,3539137,3597350,3644171,3690033,3742329,3802903,3868504,3935421,3998042,4052420,4097457,4134872,4166915
Africa,"Congo, Rep.",807726,824173,841524,859753,878851,898831,919723,941576,964452,988430,1013581,1039961,1067597,1096480,1126584,1157905,1190402,1224134,1259319,1296244,1335088,1375987,1418826,1463231,1508675,1554793,1601410,1648671,1696922,1746676,1798285,1851889,1907330,1964298,2022343,2081152,2140687,2201097,2262489,2325035,2388902,2453938,2520196,2588270,2658948,2732706,2810118,2890841,2973329,3055437,3135773,3213330,3288923,3365171,3445765,3533177,3628561,3730612,3836339
